{"train": ["-35.52266311645508"], "val": ["-35.50965118408203"], "train_epochs": [0], "val_epochs": [0]}