{"train": ["-35.52266311645508", "-38.36861038208008", "-39.034881591796875", "-39.39838790893555", "-39.62125778198242"], "val": ["-35.50965118408203", "-36.46071243286133", "-37.222900390625", "-37.592559814453125", "-37.715553283691406"], "train_epochs": [0, 1, 2, 3, 4], "val_epochs": [0, 1, 2, 3, 4]}