{"train": [1339.8780000209808, 3607.55757689476, 3579.844931125641, 3552.5982048511505, 3550.6973350048065], "val": [20.856759071350098, 56.7977511882782, 65.9822449684143, 54.48092865943909, 55.59705400466919], "train_epochs": [0, 1, 2, 3, 4], "val_epochs": [0, 1, 2, 3, 4]}