{"train": [1339.8780000209808], "val": [20.856759071350098], "train_epochs": [0], "val_epochs": [0]}